date,hour,kwh
2022-06-01,0,41.5644
2022-06-01,1,36.49
2022-06-01,2,35.6644
2022-06-01,3,34.5054
2022-06-01,4,40.6703
2022-06-01,5,50.6357
2022-06-01,6,62.676
2022-06-01,7,68.9739
2022-06-01,8,83.4922
2022-06-01,9,95.8576
2022-06-01,10,101.3686
2022-06-01,11,103.5764
2022-06-01,12,111.0484
2022-06-01,13,114.5519
2022-06-01,14,118.28
2022-06-01,15,122.9115
2022-06-01,16,128.0013
2022-06-01,17,126.5403
2022-06-01,18,126.7434
2022-06-01,19,119.917
2022-06-01,20,113.2581
2022-06-01,21,102.3177
2022-06-01,22,86.6072
2022-06-01,23,65.4405
2022-06-02,0,42.9082
2022-06-02,1,36.7451
2022-06-02,2,37.709
2022-06-02,3,36.9962
2022-06-02,4,56.1539
2022-06-02,5,73.1512
2022-06-02,6,60.0173
2022-06-02,7,66.1901
2022-06-02,8,77.9847
2022-06-02,9,95.206
2022-06-02,10,100.7264
2022-06-02,11,100.9566
2022-06-02,12,109.8722
2022-06-02,13,106.8704
2022-06-02,14,111.1096
2022-06-02,15,110.3114
2022-06-02,16,116.0212
2022-06-02,17,115.7179
2022-06-02,18,113.5499
2022-06-02,19,108.8032
2022-06-02,20,102.0428
2022-06-02,21,100.0822
2022-06-02,22,82.7243
2022-06-02,23,66.9809
2022-06-03,0,44.6174
2022-06-03,1,39.5318
2022-06-03,2,41.0632
2022-06-03,3,40.0629
2022-06-03,4,56.3174
2022-06-03,5,69.431
2022-06-03,6,71.28
2022-06-03,7,76.374
2022-06-03,8,80.4772
2022-06-03,9,92.7401
2022-06-03,10,96.6559
2022-06-03,11,98.4927
2022-06-03,12,106.3804
2022-06-03,13,111.5737
2022-06-03,14,106.2515
2022-06-03,15,100.0313
2022-06-03,16,106.9899
2022-06-03,17,104.6739
2022-06-03,18,103.235
2022-06-03,19,95.2268
2022-06-03,20,91.0568
2022-06-03,21,81.3757
2022-06-03,22,77.3177
2022-06-03,23,64.6945
2022-06-04,0,44.1469
2022-06-04,1,40.8603
2022-06-04,2,40.363
2022-06-04,3,40.8483
2022-06-04,4,55.796
2022-06-04,5,68.2866
2022-06-04,6,72.375
2022-06-04,7,72.5559
2022-06-04,8,77.377
2022-06-04,9,84.8945
2022-06-04,10,86.6295
2022-06-04,11,89.0561
2022-06-04,12,87.3189
2022-06-04,13,93.05
2022-06-04,14,96.5132
2022-06-04,15,92.8177
2022-06-04,16,96.6356
2022-06-04,17,94.1603
2022-06-04,18,91.6877
2022-06-04,19,86.1722
2022-06-04,20,77.0958
2022-06-04,21,78.5516
2022-06-04,22,76.9815
2022-06-04,23,64.7438
2022-06-05,0,41.3259
2022-06-05,1,37.4716
2022-06-05,2,37.3204
2022-06-05,3,36.4308
2022-06-05,4,53.1447
2022-06-05,5,65.4095
2022-06-05,6,66.7653
2022-06-05,7,71.5958
2022-06-05,8,73.3498
2022-06-05,9,73.9676
2022-06-05,10,78.4543
2022-06-05,11,82.6838
2022-06-05,12,89.9214
2022-06-05,13,87.4845
2022-06-05,14,96.8116
2022-06-05,15,94.2555
2022-06-05,16,101.5648
2022-06-05,17,98.4206
2022-06-05,18,95.477
2022-06-05,19,93.3775
2022-06-05,20,79.8322
2022-06-05,21,79.1262
2022-06-05,22,80.3409
2022-06-05,23,62.5015
2022-06-06,0,42.6487
2022-06-06,1,37.7958
2022-06-06,2,36.6296
2022-06-06,3,36.6192
2022-06-06,4,51.9497
2022-06-06,5,69.768
2022-06-06,6,73.659
2022-06-06,7,72.1173
2022-06-06,8,81.3476
2022-06-06,9,89.5377
2022-06-06,10,90.6856
2022-06-06,11,100.4095
2022-06-06,12,104.4995
2022-06-06,13,117.3377
2022-06-06,14,117.9826
2022-06-06,15,113.4504
2022-06-06,16,116.9063
2022-06-06,17,118.0543
2022-06-06,18,117.6141
2022-06-06,19,115.4595
2022-06-06,20,106.9225
2022-06-06,21,110.9382
2022-06-06,22,91.6511
2022-06-06,23,60.4018
2022-06-07,0,40.4124
2022-06-07,1,35.6745
2022-06-07,2,34.6463
2022-06-07,3,34.865
2022-06-07,4,49.7958
2022-06-07,5,70.1366
2022-06-07,6,72.3838
2022-06-07,7,74.5637
2022-06-07,8,80.7266
2022-06-07,9,88.8602
2022-06-07,10,98.9035
2022-06-07,11,108.8118
2022-06-07,12,107.9894
2022-06-07,13,114.6857
2022-06-07,14,126.3829
2022-06-07,15,128.5094
2022-06-07,16,126.2184
2022-06-07,17,128.9781
2022-06-07,18,128.554
2022-06-07,19,126.9409
2022-06-07,20,114.4573
2022-06-07,21,99.7101
2022-06-07,22,82.2384
2022-06-07,23,64.2507
2022-06-08,0,42.2551
2022-06-08,1,37.7285
2022-06-08,2,37.6464
2022-06-08,3,37.9162
2022-06-08,4,55.8995
2022-06-08,5,70.3184
2022-06-08,6,71.6501
2022-06-08,7,79.3462
2022-06-08,8,81.2036
2022-06-08,9,89.5409
2022-06-08,10,100.3407
2022-06-08,11,100.3448
2022-06-08,12,105.599
2022-06-08,13,110.9316
2022-06-08,14,115.7019
2022-06-08,15,121.4861
2022-06-08,16,131.6923
2022-06-08,17,138.9676
2022-06-08,18,136.0913
2022-06-08,19,117.5145
2022-06-08,20,102.045
2022-06-08,21,98.6409
2022-06-08,22,86.7527
2022-06-08,23,65.9813
2022-06-09,0,41.4644
2022-06-09,1,36.3178
2022-06-09,2,37.3192
2022-06-09,3,36.3611
2022-06-09,4,56.2451
2022-06-09,5,70.8543
2022-06-09,6,62.0571
2022-06-09,7,70.4425
2022-06-09,8,80.7843
2022-06-09,9,94.0437
2022-06-09,10,117.7158
2022-06-09,11,119.0209
2022-06-09,12,119.9231
2022-06-09,13,125.6794
2022-06-09,14,130.0527
2022-06-09,15,131.2816
2022-06-09,16,136.1642
2022-06-09,17,133.7722
2022-06-09,18,133.3097
2022-06-09,19,123.8206
2022-06-09,20,105.7378
2022-06-09,21,102.3778
2022-06-09,22,83.3982
2022-06-09,23,61.4372
2022-06-10,0,45.5086
2022-06-10,1,44.8428
2022-06-10,2,45.2122
2022-06-10,3,44.2282
2022-06-10,4,64.0409
2022-06-10,5,67.8197
2022-06-10,6,70.0014
2022-06-10,7,77.5392
2022-06-10,8,89.1772
2022-06-10,9,99.0647
2022-06-10,10,105.7774
2022-06-10,11,123.1703
2022-06-10,12,125.8973
2022-06-10,13,123.8043
2022-06-10,14,128.7161
2022-06-10,15,132.2319
2022-06-10,16,137.7341
2022-06-10,17,144.4878
2022-06-10,18,131.7486
2022-06-10,19,121.7203
2022-06-10,20,114.9498
2022-06-10,21,95.6214
2022-06-10,22,85.9846
2022-06-10,23,62.8262
2022-06-11,0,48.6621
2022-06-11,1,50.0104
2022-06-11,2,47.5507
2022-06-11,3,46.452
2022-06-11,4,69.6934
2022-06-11,5,71.4851
2022-06-11,6,70.4893
2022-06-11,7,74.4589
2022-06-11,8,84.7122
2022-06-11,9,93.5792
2022-06-11,10,101.4943
2022-06-11,11,107.8406
2022-06-11,12,118.3941
2022-06-11,13,121.8974
2022-06-11,14,123.584
2022-06-11,15,125.379
2022-06-11,16,127.943
2022-06-11,17,123.4754
2022-06-11,18,118.5855
2022-06-11,19,112.8555
2022-06-11,20,90.2083
2022-06-11,21,87.3457
2022-06-11,22,84.5577
2022-06-11,23,60.314
2022-06-12,0,48.932
2022-06-12,1,45.8312
2022-06-12,2,45.7824
2022-06-12,3,43.5128
2022-06-12,4,66.1455
2022-06-12,5,69.2811
2022-06-12,6,69.4901
2022-06-12,7,65.8166
2022-06-12,8,66.7146
2022-06-12,9,73.7749
2022-06-12,10,86.2403
2022-06-12,11,84.8424
2022-06-12,12,86.2124
2022-06-12,13,92.2431
2022-06-12,14,99.3839
2022-06-12,15,98.9495
2022-06-12,16,98.3683
2022-06-12,17,93.9527
2022-06-12,18,91.8551
2022-06-12,19,82.0406
2022-06-12,20,72.6791
2022-06-12,21,70.0934
2022-06-12,22,68.4445
2022-06-12,23,52.289
2022-06-13,0,37.4298
2022-06-13,1,37.9435
2022-06-13,2,36.4905
2022-06-13,3,36.6636
2022-06-13,4,52.0233
2022-06-13,5,62.3858
2022-06-13,6,58.8455
2022-06-13,7,61.3535
2022-06-13,8,65.3507
2022-06-13,9,72.2771
2022-06-13,10,79.2129
2022-06-13,11,81.2977
2022-06-13,12,84.8204
2022-06-13,13,87.1109
2022-06-13,14,90.2548
2022-06-13,15,95.7408
2022-06-13,16,100.8343
2022-06-13,17,101.2112
2022-06-13,18,98.4693
2022-06-13,19,81.4156
2022-06-13,20,83.0658
2022-06-13,21,80.753
2022-06-13,22,66.8029
2022-06-13,23,49.9918
2022-06-14,0,37.3532
2022-06-14,1,37.8904
2022-06-14,2,37.722
2022-06-14,3,37.8034
2022-06-14,4,50.8922
2022-06-14,5,62.6691
2022-06-14,6,59.8307
2022-06-14,7,61.3914
2022-06-14,8,69.2072
2022-06-14,9,71.2996
2022-06-14,10,74.3463
2022-06-14,11,79.1276
2022-06-14,12,84.3016
2022-06-14,13,89.45
2022-06-14,14,94.0392
2022-06-14,15,103.537
2022-06-14,16,108.0226
2022-06-14,17,106.6006
2022-06-14,18,104.5456
2022-06-14,19,101.0884
2022-06-14,20,88.4907
2022-06-14,21,85.5852
2022-06-14,22,68.3004
2022-06-14,23,53.058
2022-06-15,0,37.0896
2022-06-15,1,37.0633
2022-06-15,2,37.6626
2022-06-15,3,37.4225
2022-06-15,4,52.9452
2022-06-15,5,65.2063
2022-06-15,6,62.1718
2022-06-15,7,64.0091
2022-06-15,8,74.9507
2022-06-15,9,80.3938
2022-06-15,10,91.3028
2022-06-15,11,96.3859
2022-06-15,12,103.1468
2022-06-15,13,110.8888
2022-06-15,14,114.1793
2022-06-15,15,118.073
2022-06-15,16,122.055
2022-06-15,17,117.3727
2022-06-15,18,117.3867
2022-06-15,19,103.9551
2022-06-15,20,90.9655
2022-06-15,21,87.3102
2022-06-15,22,69.4871
2022-06-15,23,53.8074
2022-06-16,0,39.9104
2022-06-16,1,39.0897
2022-06-16,2,36.068
2022-06-16,3,35.8067
2022-06-16,4,53.7839
2022-06-16,5,64.0176
2022-06-16,6,54.2325
2022-06-16,7,51.6035
2022-06-16,8,60.1406
2022-06-16,9,76.4989
2022-06-16,10,95.2846
2022-06-16,11,96.091
2022-06-16,12,87.9596
2022-06-16,13,92.6249
2022-06-16,14,97.3664
2022-06-16,15,100.3496
2022-06-16,16,100.1035
2022-06-16,17,101.0099
2022-06-16,18,93.6479
2022-06-16,19,80.6988
2022-06-16,20,83.4745
2022-06-16,21,77.6136
2022-06-16,22,64.1906
2022-06-16,23,50.2067
2022-06-17,0,37.3344
2022-06-17,1,37.9433
2022-06-17,2,35.682
2022-06-17,3,36.301
2022-06-17,4,50.7001
2022-06-17,5,62.4922
2022-06-17,6,59.0559
2022-06-17,7,63.0137
2022-06-17,8,61.9938
2022-06-17,9,71.3147
2022-06-17,10,71.348
2022-06-17,11,74.4508
2022-06-17,12,75.9648
2022-06-17,13,84.0279
2022-06-17,14,84.5503
2022-06-17,15,79.1971
2022-06-17,16,79.2484
2022-06-17,17,82.6362
2022-06-17,18,75.7669
2022-06-17,19,75.4548
2022-06-17,20,74.3039
2022-06-17,21,62.2878
2022-06-17,22,63.5973
2022-06-17,23,47.5498
2022-06-18,0,37.3396
2022-06-18,1,37.4111
2022-06-18,2,37.3821
2022-06-18,3,37.8268
2022-06-18,4,49.5884
2022-06-18,5,60.2849
2022-06-18,6,57.4391
2022-06-18,7,56.9767
2022-06-18,8,59.8042
2022-06-18,9,66.2371
2022-06-18,10,67.0385
2022-06-18,11,79.6203
2022-06-18,12,75.6307
2022-06-18,13,79.7006
2022-06-18,14,78.0304
2022-06-18,15,81.2609
2022-06-18,16,78.4324
2022-06-18,17,80.9591
2022-06-18,18,75.2038
2022-06-18,19,73.7863
2022-06-18,20,63.6194
2022-06-18,21,64.4832
2022-06-18,22,63.5876
2022-06-18,23,48.1823
2022-06-19,0,36.2162
2022-06-19,1,37.3755
2022-06-19,2,36.2858
2022-06-19,3,36.6238
2022-06-19,4,49.436
2022-06-19,5,57.0997
2022-06-19,6,52.8874
2022-06-19,7,56.3072
2022-06-19,8,59.1511
2022-06-19,9,67.6552
2022-06-19,10,73.2934
2022-06-19,11,79.2013
2022-06-19,12,82.6206
2022-06-19,13,82.7734
2022-06-19,14,84.8122
2022-06-19,15,83.4445
2022-06-19,16,82.1974
2022-06-19,17,83.7574
2022-06-19,18,81.663
2022-06-19,19,80.0355
2022-06-19,20,65.7879
2022-06-19,21,65.3921
2022-06-19,22,62.1519
2022-06-19,23,48.0301
2022-06-20,0,32.3357
2022-06-20,1,31.9299
2022-06-20,2,32.0099
2022-06-20,3,31.6873
2022-06-20,4,46.2866
2022-06-20,5,56.4131
2022-06-20,6,55.2051
2022-06-20,7,62.3623
2022-06-20,8,65.3843
2022-06-20,9,72.3773
2022-06-20,10,78.7775
2022-06-20,11,82.7983
2022-06-20,12,87.7878
2022-06-20,13,93.3759
2022-06-20,14,93.6821
2022-06-20,15,94.5035
2022-06-20,16,101.8376
2022-06-20,17,109.1326
2022-06-20,18,100.3425
2022-06-20,19,92.836
2022-06-20,20,87.5693
2022-06-20,21,81.5627
2022-06-20,22,71.0176
2022-06-20,23,48.1618
2022-06-21,0,39.6509
2022-06-21,1,35.6975
2022-06-21,2,39.3028
2022-06-21,3,37.5772
2022-06-21,4,50.5543
2022-06-21,5,63.5543
2022-06-21,6,59.7538
2022-06-21,7,62.057
2022-06-21,8,68.9458
2022-06-21,9,79.2705
2022-06-21,10,100.1633
2022-06-21,11,102.3373
2022-06-21,12,110.8555
2022-06-21,13,112.8393
2022-06-21,14,103.1842
2022-06-21,15,125.2817
2022-06-21,16,126.7575
2022-06-21,17,132.3602
2022-06-21,18,125.4289
2022-06-21,19,120.1923
2022-06-21,20,111.4473
2022-06-21,21,103.1664
2022-06-21,22,79.274
2022-06-21,23,62.007
2022-06-22,0,43.8296
2022-06-22,1,41.6306
2022-06-22,2,39.9973
2022-06-22,3,39.2285
2022-06-22,4,57.4628
2022-06-22,5,74.7616
2022-06-22,6,68.206
2022-06-22,7,77.5911
2022-06-22,8,86.5384
2022-06-22,9,101.4786
2022-06-22,10,121.0132
2022-06-22,11,113.377
2022-06-22,12,118.1919
2022-06-22,13,129.692
2022-06-22,14,135.9977
2022-06-22,15,141.7592
2022-06-22,16,146.341
2022-06-22,17,148.351
2022-06-22,18,143.9592
2022-06-22,19,133.0359
2022-06-22,20,129.6508
2022-06-22,21,120.352
2022-06-22,22,100.173
2022-06-22,23,66.6379
2022-06-23,0,51.5334
2022-06-23,1,55.5389
2022-06-23,2,54.3269
2022-06-23,3,50.6371
2022-06-23,4,69.2507
2022-06-23,5,87.9273
2022-06-23,6,80.0588
2022-06-23,7,77.7478
2022-06-23,8,80.024
2022-06-23,9,95.2787
2022-06-23,10,103.7309
2022-06-23,11,118.7257
2022-06-23,12,119.9872
2022-06-23,13,121.9122
2022-06-23,14,139.7185
2022-06-23,15,150.1729
2022-06-23,16,144.0296
2022-06-23,17,138.6841
2022-06-23,18,141.2333
2022-06-23,19,134.8059
2022-06-23,20,124.6368
2022-06-23,21,111.1028
2022-06-23,22,91.6578
2022-06-23,23,63.5785
2022-06-24,0,49.6953
2022-06-24,1,51.9539
2022-06-24,2,49.018
2022-06-24,3,46.8325
2022-06-24,4,67.2687
2022-06-24,5,81.4406
2022-06-24,6,74.3309
2022-06-24,7,79.4382
2022-06-24,8,86.9346
2022-06-24,9,96.9047
2022-06-24,10,96.7185
2022-06-24,11,103.5229
2022-06-24,12,113.4271
2022-06-24,13,126.9407
2022-06-24,14,144.7863
2022-06-24,15,149.2461
2022-06-24,16,146.5618
2022-06-24,17,143.7232
2022-06-24,18,138.7102
2022-06-24,19,121.6584
2022-06-24,20,110.7095
2022-06-24,21,97.6065
2022-06-24,22,88.878
2022-06-24,23,61.2871
2022-06-25,0,48.1116
2022-06-25,1,50.3294
2022-06-25,2,49.1533
2022-06-25,3,44.867
2022-06-25,4,65.7027
2022-06-25,5,73.3971
2022-06-25,6,65.111
2022-06-25,7,72.1027
2022-06-25,8,80.1964
2022-06-25,9,87.7778
2022-06-25,10,94.142
2022-06-25,11,102.344
2022-06-25,12,118.475
2022-06-25,13,124.1609
2022-06-25,14,139.0376
2022-06-25,15,144.3777
2022-06-25,16,146.1793
2022-06-25,17,134.9464
2022-06-25,18,138.3878
2022-06-25,19,121.7472
2022-06-25,20,100.2434
2022-06-25,21,86.6737
2022-06-25,22,80.0446
2022-06-25,23,61.3431
2022-06-26,0,47.0763
2022-06-26,1,48.8558
2022-06-26,2,44.0404
2022-06-26,3,46.4264
2022-06-26,4,65.1648
2022-06-26,5,72.1884
2022-06-26,6,66.5804
2022-06-26,7,70.1685
2022-06-26,8,79.6332
2022-06-26,9,86.0423
2022-06-26,10,93.432
2022-06-26,11,102.8586
2022-06-26,12,112.2164
2022-06-26,13,116.1754
2022-06-26,14,129.9429
2022-06-26,15,142.5187
2022-06-26,16,139.174
2022-06-26,17,144.5443
2022-06-26,18,135.6513
2022-06-26,19,121.7901
2022-06-26,20,100.8548
2022-06-26,21,100.8714
2022-06-26,22,81.5887
2022-06-26,23,59.6252
2022-06-27,0,46.7735
2022-06-27,1,46.991
2022-06-27,2,46.3918
2022-06-27,3,44.5681
2022-06-27,4,62.0036
2022-06-27,5,80.8591
2022-06-27,6,67.175
2022-06-27,7,73.0915
2022-06-27,8,88.3766
2022-06-27,9,85.2999
2022-06-27,10,91.3182
2022-06-27,11,97.5331
2022-06-27,12,117.3236
2022-06-27,13,121.187
2022-06-27,14,134.4374
2022-06-27,15,145.6078
2022-06-27,16,150.2097
2022-06-27,17,152.8045
2022-06-27,18,154.0068
2022-06-27,19,140.501
2022-06-27,20,129.3964
2022-06-27,21,110.6327
2022-06-27,22,86.3239
2022-06-27,23,63.6324
2022-06-28,0,46.9854
2022-06-28,1,48.3401
2022-06-28,2,45.9981
2022-06-28,3,45.424
2022-06-28,4,60.2255
2022-06-28,5,72.2107
2022-06-28,6,76.187
2022-06-28,7,71.8218
2022-06-28,8,73.1076
2022-06-28,9,85.2375
2022-06-28,10,94.0488
2022-06-28,11,108.1519
2022-06-28,12,120.7024
2022-06-28,13,118.4458
2022-06-28,14,137.335
2022-06-28,15,148.8209
2022-06-28,16,140.0571
2022-06-28,17,153.584
2022-06-28,18,146.2767
2022-06-28,19,138.7394
2022-06-28,20,107.3626
2022-06-28,21,102.8364
2022-06-28,22,83.7775
2022-06-28,23,59.45
2022-06-29,0,48.5623
2022-06-29,1,48.7173
2022-06-29,2,48.6429
2022-06-29,3,48.1328
2022-06-29,4,61.9094
2022-06-29,5,69.2168
2022-06-29,6,65.0715
2022-06-29,7,71.9554
2022-06-29,8,75.2773
2022-06-29,9,82.4248
2022-06-29,10,90.0015
2022-06-29,11,93.8605
2022-06-29,12,100.9824
2022-06-29,13,106.3267
2022-06-29,14,122.0091
2022-06-29,15,132.455
2022-06-29,16,145.9763
2022-06-29,17,143.8471
2022-06-29,18,128.4753
2022-06-29,19,121.9909
2022-06-29,20,101.477
2022-06-29,21,91.0467
2022-06-29,22,68.8541
2022-06-29,23,51.6441
2022-06-30,0,44.3801
2022-06-30,1,41.0532
2022-06-30,2,34.0003
2022-06-30,3,39.3536
2022-06-30,4,49.124
2022-06-30,5,60.0992
2022-06-30,6,58.17
2022-06-30,7,53.319
2022-06-30,8,58.5719
2022-06-30,9,78.3473
2022-06-30,10,94.1831
2022-06-30,11,97.5666
2022-06-30,12,85.1934
2022-06-30,13,96.3098
2022-06-30,14,107.781
2022-06-30,15,112.9617
2022-06-30,16,113.9912
2022-06-30,17,123.6228
2022-06-30,18,120.4159
2022-06-30,19,117.6325
2022-06-30,20,110.7438
2022-06-30,21,90.9323
2022-06-30,22,73.0612
2022-06-30,23,54.0963
2022-07-01,0,46.5375
2022-07-01,1,46.118
2022-07-01,2,40.0647
2022-07-01,3,37.1637
2022-07-01,4,56.7484
2022-07-01,5,65.3497
2022-07-01,6,61.1868
2022-07-01,7,65.2414
2022-07-01,8,71.6783
2022-07-01,9,77.1276
2022-07-01,10,79.8441
2022-07-01,11,81.1695
2022-07-01,12,82.8726
2022-07-01,13,94.2318
2022-07-01,14,108.7078
2022-07-01,15,116.9288
2022-07-01,16,113.9755
2022-07-01,17,107.3805
2022-07-01,18,108.1549
2022-07-01,19,103.3034
2022-07-01,20,93.4734
2022-07-01,21,81.3196
2022-07-01,22,70.8794
2022-07-01,23,54.3884
2022-07-02,0,47.7296
2022-07-02,1,43.9297
2022-07-02,2,38.1516
2022-07-02,3,41.2665
2022-07-02,4,55.0457
2022-07-02,5,61.8763
2022-07-02,6,59.8195
2022-07-02,7,59.9361
2022-07-02,8,64.9353
2022-07-02,9,67.7572
2022-07-02,10,75.7036
2022-07-02,11,83.8311
2022-07-02,12,83.7716
2022-07-02,13,90.0726
2022-07-02,14,92.7198
2022-07-02,15,93.0431
2022-07-02,16,96.7266
2022-07-02,17,90.7864
2022-07-02,18,94.2892
2022-07-02,19,82.5821
2022-07-02,20,72.4166
2022-07-02,21,67.0148
2022-07-02,22,64.4882
2022-07-02,23,53.4211
2022-07-03,0,45.2271
2022-07-03,1,42.0506
2022-07-03,2,36.5685
2022-07-03,3,43.2465
2022-07-03,4,51.1315
2022-07-03,5,60.8619
2022-07-03,6,58.5978
2022-07-03,7,61.2846
2022-07-03,8,62.3969
2022-07-03,9,69.5047
2022-07-03,10,70.2018
2022-07-03,11,82.1461
2022-07-03,12,78.6704
2022-07-03,13,76.5518
2022-07-03,14,87.0382
2022-07-03,15,94.4823
2022-07-03,16,92.2393
2022-07-03,17,91.6149
2022-07-03,18,86.7839
2022-07-03,19,84.2364
2022-07-03,20,69.0184
2022-07-03,21,67.8036
2022-07-03,22,65.2614
2022-07-03,23,54.1623
2022-07-04,0,48.1693
2022-07-04,1,46.2023
2022-07-04,2,38.2149
2022-07-04,3,36.8907
2022-07-04,4,52.5583
2022-07-04,5,62.5801
2022-07-04,6,56.325
2022-07-04,7,59.3518
2022-07-04,8,66.7629
2022-07-04,9,78.1518
2022-07-04,10,73.365
2022-07-04,11,83.8853
2022-07-04,12,86.9379
2022-07-04,13,91.6871
2022-07-04,14,106.5579
2022-07-04,15,106.8757
2022-07-04,16,110.8395
2022-07-04,17,109.4731
2022-07-04,18,101.5022
2022-07-04,19,96.6888
2022-07-04,20,95.4459
2022-07-04,21,90.1008
2022-07-04,22,72.5525
2022-07-04,23,65.7052
2022-07-05,0,48.1984
2022-07-05,1,48.9728
2022-07-05,2,48.8339
2022-07-05,3,48.6824
2022-07-05,4,63.9036
2022-07-05,5,73.1418
2022-07-05,6,70.836
2022-07-05,7,74.7643
2022-07-05,8,86.4793
2022-07-05,9,86.4793
2022-07-05,10,88.3898
2022-07-05,11,87.6887
2022-07-05,12,116.5773
2022-07-05,13,119.4038
2022-07-05,14,108.3148
2022-07-05,15,127.6303
2022-07-05,16,128.6889
2022-07-05,17,117.8826
2022-07-05,18,115.7693
2022-07-05,19,112.9339
2022-07-05,20,103.8365
2022-07-05,21,102.1023
2022-07-05,22,76.2576
2022-07-05,23,56.8952
2022-07-06,0,47.7906
2022-07-06,1,48.3597
2022-07-06,2,47.3499
2022-07-06,3,44.4603
2022-07-06,4,54.017
2022-07-06,5,69.5246
2022-07-06,6,65.432
2022-07-06,7,64.2764
2022-07-06,8,79.0187
2022-07-06,9,78.5987
2022-07-06,10,82.6035
2022-07-06,11,84.8583
2022-07-06,12,88.374
2022-07-06,13,86.3933
2022-07-06,14,104.5648
2022-07-06,15,109.031
2022-07-06,16,106.7845
2022-07-06,17,132.7024
2022-07-06,18,123.9103
2022-07-06,19,112.5309
2022-07-06,20,103.6787
2022-07-06,21,85.2783
2022-07-06,22,70.9607
2022-07-06,23,54.5065
2022-07-07,0,47.7531
2022-07-07,1,46.0126
2022-07-07,2,44.2607
2022-07-07,3,37.6305
2022-07-07,4,56.1269
2022-07-07,5,67.0769
2022-07-07,6,64.4317
2022-07-07,7,64.0606
2022-07-07,8,61.8899
2022-07-07,9,69.9746
2022-07-07,10,79.4023
2022-07-07,11,89.7603
2022-07-07,12,91.8796
2022-07-07,13,97.73
2022-07-07,14,106.6925
2022-07-07,15,116.1007
2022-07-07,16,126.1289
2022-07-07,17,122.2735
2022-07-07,18,114.6576
2022-07-07,19,115.2107
2022-07-07,20,98.6672
2022-07-07,21,101.104
2022-07-07,22,75.1698
2022-07-07,23,60.0938
2022-07-08,0,48.7824
2022-07-08,1,48.3316
2022-07-08,2,47.5626
2022-07-08,3,47.6523
2022-07-08,4,55.7648
2022-07-08,5,68.0919
2022-07-08,6,66.7833
2022-07-08,7,68.7259
2022-07-08,8,72.1596
2022-07-08,9,89.895
2022-07-08,10,87.6659
2022-07-08,11,95.6193
2022-07-08,12,101.366
2022-07-08,13,112.0068
2022-07-08,14,118.686
2022-07-08,15,129.8447
2022-07-08,16,127.6779
2022-07-08,17,134.3804
2022-07-08,18,124.2753
2022-07-08,19,117.1411
2022-07-08,20,100.6129
2022-07-08,21,87.8725
2022-07-08,22,76.7773
2022-07-08,23,61.1345
2022-07-09,0,49.6243
2022-07-09,1,47.9064
2022-07-09,2,47.6065
2022-07-09,3,47.2949
2022-07-09,4,61.514
2022-07-09,5,67.1221
2022-07-09,6,59.7235
2022-07-09,7,63.4434
2022-07-09,8,70.7136
2022-07-09,9,81.0751
2022-07-09,10,84.3857
2022-07-09,11,89.006
2022-07-09,12,96.1761
2022-07-09,13,103.8976
2022-07-09,14,116.8403
2022-07-09,15,124.9273
2022-07-09,16,126.3738
2022-07-09,17,118.1153
2022-07-09,18,120.5183
2022-07-09,19,107.2398
2022-07-09,20,90.6185
2022-07-09,21,84.5042
2022-07-09,22,75.5797
2022-07-09,23,59.6913
2022-07-10,0,49.7496
2022-07-10,1,47.8026
2022-07-10,2,47.9336
2022-07-10,3,46.021
2022-07-10,4,58.6126
2022-07-10,5,63.0644
2022-07-10,6,60.3601
2022-07-10,7,63.4895
2022-07-10,8,68.9779
2022-07-10,9,80.1577
2022-07-10,10,83.7868
2022-07-10,11,92.5101
2022-07-10,12,104.2297
2022-07-10,13,113.9981
2022-07-10,14,119.4324
2022-07-10,15,126.9752
2022-07-10,16,132.6667
2022-07-10,17,126.425
2022-07-10,18,127.6651
2022-07-10,19,121.3364
2022-07-10,20,97.4866
2022-07-10,21,93.7971
2022-07-10,22,80.8517
2022-07-10,23,59.2985
2022-07-11,0,49.8106
2022-07-11,1,55.2862
2022-07-11,2,50.9474
2022-07-11,3,48.8214
2022-07-11,4,64.4788
2022-07-11,5,76.6858
2022-07-11,6,69.5037
2022-07-11,7,80.3401
2022-07-11,8,92.0449
2022-07-11,9,94.8352
2022-07-11,10,100.2459
2022-07-11,11,113.0461
2022-07-11,12,122.988
2022-07-11,13,134.111
2022-07-11,14,147.5641
2022-07-11,15,153.7456
2022-07-11,16,155.4638
2022-07-11,17,164.5075
2022-07-11,18,153.64
2022-07-11,19,147.3986
2022-07-11,20,135.4479
2022-07-11,21,120.5894
2022-07-11,22,87.7018
2022-07-11,23,71.6966
2022-07-12,0,55.0904
2022-07-12,1,58.0696
2022-07-12,2,56.3802
2022-07-12,3,51.8566
2022-07-12,4,65.9794
2022-07-12,5,84.2058
2022-07-12,6,75.1224
2022-07-12,7,80.2374
2022-07-12,8,85.5284
2022-07-12,9,88.7667
2022-07-12,10,90.0965
2022-07-12,11,113.9334
2022-07-12,12,116.2857
2022-07-12,13,115.9474
2022-07-12,14,126.5247
2022-07-12,15,147.4422
2022-07-12,16,152.4561
2022-07-12,17,143.8268
2022-07-12,18,138.754
2022-07-12,19,126.998
2022-07-12,20,114.5046
2022-07-12,21,104.9658
2022-07-12,22,87.2698
2022-07-12,23,59.5046
2022-07-13,0,50.1022
2022-07-13,1,48.9224
2022-07-13,2,46.4939
2022-07-13,3,47.1086
2022-07-13,4,61.4093
2022-07-13,5,76.9743
2022-07-13,6,66.3414
2022-07-13,7,63.8867
2022-07-13,8,71.9372
2022-07-13,9,84.819
2022-07-13,10,86.6854
2022-07-13,11,92.1785
2022-07-13,12,96.779
2022-07-13,13,101.8134
2022-07-13,14,111.2561
2022-07-13,15,121.9224
2022-07-13,16,129.7805
2022-07-13,17,139.6925
2022-07-13,18,143.9438
2022-07-13,19,130.1003
2022-07-13,20,124.2368
2022-07-13,21,95.928
2022-07-13,22,77.2255
2022-07-13,23,59.8071
2022-07-14,0,49.4017
2022-07-14,1,49.6191
2022-07-14,2,48.5001
2022-07-14,3,47.1425
2022-07-14,4,61.6221
2022-07-14,5,74.3953
2022-07-14,6,58.9462
2022-07-14,7,59.1327
2022-07-14,8,66.7453
2022-07-14,9,92.9028
2022-07-14,10,98.453
2022-07-14,11,102.0262
2022-07-14,12,108.0369
2022-07-14,13,125.8587
2022-07-14,14,128.192
2022-07-14,15,139.9596
2022-07-14,16,140.7073
2022-07-14,17,150.2708
2022-07-14,18,143.4222
2022-07-14,19,140.0018
2022-07-14,20,121.1715
2022-07-14,21,107.2203
2022-07-14,22,78.7506
2022-07-14,23,60.5465
2022-07-15,0,49.1309
2022-07-15,1,47.5604
2022-07-15,2,46.8984
2022-07-15,3,47.2537
2022-07-15,4,62.0153
2022-07-15,5,71.3005
2022-07-15,6,64.9178
2022-07-15,7,68.0462
2022-07-15,8,75.2084
2022-07-15,9,82.7877
2022-07-15,10,89.1615
2022-07-15,11,95.7204
2022-07-15,12,98.5698
2022-07-15,13,104.5756
2022-07-15,14,120.0732
2022-07-15,15,139.7581
2022-07-15,16,136.607
2022-07-15,17,134.8271
2022-07-15,18,133.6587
2022-07-15,19,127.0116
2022-07-15,20,116.037
2022-07-15,21,94.4177
2022-07-15,22,88.1641
2022-07-15,23,68.474
2022-07-16,0,48.4793
2022-07-16,1,49.5121
2022-07-16,2,48.4793
2022-07-16,3,46.9774
2022-07-16,4,63.3082
2022-07-16,5,70.1459
2022-07-16,6,66.557
2022-07-16,7,70.6087
2022-07-16,8,84.4274
2022-07-16,9,90.0308
2022-07-16,10,97.6744
2022-07-16,11,104.3972
2022-07-16,12,112.8933
2022-07-16,13,129.9584
2022-07-16,14,133.736
2022-07-16,15,149.8029
2022-07-16,16,144.8704
2022-07-16,17,144.9249
2022-07-16,18,143.3018
2022-07-16,19,140.6463
2022-07-16,20,109.9616
2022-07-16,21,97.8555
2022-07-16,22,85.8459
2022-07-16,23,65.0142
2022-07-17,0,58.939
2022-07-17,1,57.3601
2022-07-17,2,56.1314
2022-07-17,3,50.6448
2022-07-17,4,69.2417
2022-07-17,5,73.406
2022-07-17,6,70.288
2022-07-17,7,71.7568
2022-07-17,8,82.6719
2022-07-17,9,89.5738
2022-07-17,10,94.5063
2022-07-17,11,111.689
2022-07-17,12,124.2909
2022-07-17,13,129.7848
2022-07-17,14,136.3134
2022-07-17,15,148.1803
2022-07-17,16,146.0359
2022-07-17,17,146.4256
2022-07-17,18,141.7611
2022-07-17,19,129.3287
2022-07-17,20,110.8344
2022-07-17,21,95.83
2022-07-17,22,84.5597
2022-07-17,23,65.4522
2022-07-18,0,52.228
2022-07-18,1,54.8952
2022-07-18,2,52.8586
2022-07-18,3,53.9058
2022-07-18,4,69.7345
2022-07-18,5,86.6447
2022-07-18,6,80.8078
2022-07-18,7,89.4904
2022-07-18,8,100.5523
2022-07-18,9,96.0147
2022-07-18,10,97.2469
2022-07-18,11,108.723
2022-07-18,12,120.2316
2022-07-18,13,115.527
2022-07-18,14,134.1889
2022-07-18,15,152.1759
2022-07-18,16,146.1981
2022-07-18,17,143.3189
2022-07-18,18,152.3065
2022-07-18,19,140.3538
2022-07-18,20,126.5149
2022-07-18,21,115.712
2022-07-18,22,91.6754
2022-07-18,23,65.8692
2022-07-19,0,50.046
2022-07-19,1,53.9382
2022-07-19,2,54.681
2022-07-19,3,53.6528
2022-07-19,4,68.3936
2022-07-19,5,81.2455
2022-07-19,6,72.914
2022-07-19,7,80.7355
2022-07-19,8,82.7335
2022-07-19,9,85.1826
2022-07-19,10,91.5262
2022-07-19,11,110.6248
2022-07-19,12,120.6677
2022-07-19,13,118.5275
2022-07-19,14,118.3218
2022-07-19,15,144.4898
2022-07-19,16,140.2204
2022-07-19,17,142.7531
2022-07-19,18,134.7959
2022-07-19,19,126.2894
2022-07-19,20,123.65
2022-07-19,21,114.1334
2022-07-19,22,92.7185
2022-07-19,23,60.2425
2022-07-20,0,50.5827
2022-07-20,1,50.0695
2022-07-20,2,50.4313
2022-07-20,3,48.7911
2022-07-20,4,62.6063
2022-07-20,5,76.7289
2022-07-20,6,69.1435
2022-07-20,7,71.5412
2022-07-20,8,82.5747
2022-07-20,9,87.2627
2022-07-20,10,88.9488
2022-07-20,11,96.197
2022-07-20,12,112.82
2022-07-20,13,125.0557
2022-07-20,14,134.6172
2022-07-20,15,140.6083
2022-07-20,16,148.0714
2022-07-20,17,146.8881
2022-07-20,18,142.6858
2022-07-20,19,139.6417
2022-07-20,20,126.1962
2022-07-20,21,110.8428
2022-07-20,22,91.2584
2022-07-20,23,62.1101
2022-07-21,0,50.8694
2022-07-21,1,49.342
2022-07-21,2,49.7147
2022-07-21,3,48.6641
2022-07-21,4,62.7208
2022-07-21,5,75.4582
2022-07-21,6,64.4705
2022-07-21,7,67.9224
2022-07-21,8,73.2232
2022-07-21,9,85.2311
2022-07-21,10,87.8163
2022-07-21,11,94.2163
2022-07-21,12,114.6011
2022-07-21,13,116.1261
2022-07-21,14,122.2145
2022-07-21,15,132.9911
2022-07-21,16,134.8117
2022-07-21,17,144.6058
2022-07-21,18,131.2187
2022-07-21,19,131.6948
2022-07-21,20,119.8455
2022-07-21,21,110.9397
2022-07-21,22,92.5999
2022-07-21,23,66.3266
2022-07-22,0,52.4194
2022-07-22,1,53.3638
2022-07-22,2,52.3035
2022-07-22,3,52.0719
2022-07-22,4,66.1766
2022-07-22,5,74.4794
2022-07-22,6,66.2852
2022-07-22,7,66.6896
2022-07-22,8,75.6954
2022-07-22,9,86.6934
2022-07-22,10,88.7386
2022-07-22,11,98.4104
2022-07-22,12,109.7172
2022-07-22,13,101.8505
2022-07-22,14,121.6313
2022-07-22,15,136.148
2022-07-22,16,137.6793
2022-07-22,17,129.8789
2022-07-22,18,128.2866
2022-07-22,19,114.8772
2022-07-22,20,117.8098
2022-07-22,21,65.0302
2022-07-22,22,51.1317
2022-07-22,23,47.6335
2022-07-23,0,45.6677
2022-07-23,1,46.1455
2022-07-23,2,45.5253
2022-07-23,3,46.0058
2022-07-23,4,45.1644
2022-07-23,5,39.2154
2022-07-23,6,67.4773
2022-07-23,7,66.2582
2022-07-23,8,78.1201
2022-07-23,9,74.2825
2022-07-23,10,77.4863
2022-07-23,11,82.0975
2022-07-23,12,92.1984
2022-07-23,13,97.5678
2022-07-23,14,122.1154
2022-07-23,15,124.8487
2022-07-23,16,135.0462
2022-07-23,17,126.0194
2022-07-23,18,126.898
2022-07-23,19,117.709
2022-07-23,20,52.1408
2022-07-23,21,55.2294
2022-07-23,22,53.8183
2022-07-23,23,54.018
2022-07-24,0,53.1779
2022-07-24,1,49.2326
2022-07-24,2,49.493
2022-07-24,3,49.3777
2022-07-24,4,49.8188
2022-07-24,5,49.7869
2022-07-24,6,69.1156
2022-07-24,7,64.4501
2022-07-24,8,72.3673
2022-07-24,9,82.6704
2022-07-24,10,79.4812
2022-07-24,11,89.3937
2022-07-24,12,95.7943
2022-07-24,13,114.7934
2022-07-24,14,123.1919
2022-07-24,15,131.2931
2022-07-24,16,134.3903
2022-07-24,17,133.2565
2022-07-24,18,127.8749
2022-07-24,19,119.4783
2022-07-24,20,51.5055
2022-07-24,21,54.7659
2022-07-24,22,54.4612
2022-07-24,23,54.5684
2022-07-25,0,52.9546
2022-07-25,1,52.5251
2022-07-25,2,49.5993
2022-07-25,3,48.2718
2022-07-25,4,47.9227
2022-07-25,5,80.8195
2022-07-25,6,67.0805
2022-07-25,7,67.7466
2022-07-25,8,76.5751
2022-07-25,9,81.685
2022-07-25,10,80.1816
2022-07-25,11,88.1037
2022-07-25,12,87.7547
2022-07-25,13,104.7461
2022-07-25,14,119.1284
2022-07-25,15,132.2473
2022-07-25,16,132.5961
2022-07-25,17,140.7973
2022-07-25,18,141.9092
2022-07-25,19,133.4017
2022-07-25,20,109.0785
2022-07-25,21,105.7317
2022-07-25,22,48.8281
2022-07-25,23,47.5674
2022-07-26,0,48.0752
2022-07-26,1,48.6797
2022-07-26,2,47.9828
2022-07-26,3,48.4547
2022-07-26,4,47.474
2022-07-26,5,81.7599
2022-07-26,6,68.4285
2022-07-26,7,70.6339
2022-07-26,8,72.8782
2022-07-26,9,76.6595
2022-07-26,10,74.2795
2022-07-26,11,80.5188
2022-07-26,12,80.1115
2022-07-26,13,88.5385
2022-07-26,14,104.9017
2022-07-26,15,123.1125
2022-07-26,16,130.8362
2022-07-26,17,129.5497
2022-07-26,18,124.9242
2022-07-26,19,120.4859
2022-07-26,20,123.3145
2022-07-26,21,101.5796
2022-07-26,22,54.232
2022-07-26,23,48.0697
2022-07-27,0,47.8419
2022-07-27,1,48.0418
2022-07-27,2,47.3276
2022-07-27,3,46.9512
2022-07-27,4,42.4659
2022-07-27,5,75.0628
2022-07-27,6,64.9749
2022-07-27,7,63.8478
2022-07-27,8,77.5899
2022-07-27,9,79.0536
2022-07-27,10,89.922
2022-07-27,11,93.0463
2022-07-27,12,95.1296
2022-07-27,13,110.1435
2022-07-27,14,121.7085
2022-07-27,15,132.7658
2022-07-27,16,140.6099
2022-07-27,17,134.2806
2022-07-27,18,142.8946
2022-07-27,19,134.8197
2022-07-27,20,109.239
2022-07-27,21,109.018
2022-07-27,22,48.1578
2022-07-27,23,48.7534
2022-07-28,0,48.3353
2022-07-28,1,48.6684
2022-07-28,2,49.234
2022-07-28,3,47.0935
2022-07-28,4,46.0794
2022-07-28,5,78.5004
2022-07-28,6,64.0366
2022-07-28,7,64.7761
2022-07-28,8,72.5313
2022-07-28,9,83.0416
2022-07-28,10,79.4733
2022-07-28,11,100.2596
2022-07-28,12,111.4392
2022-07-28,13,92.4822
2022-07-28,14,116.1463
2022-07-28,15,135.3905
2022-07-28,16,127.2279
2022-07-28,17,133.353
2022-07-28,18,131.677
2022-07-28,19,125.5623
2022-07-28,20,112.6238
2022-07-28,21,99.1737
2022-07-28,22,55.4075
2022-07-28,23,53.5476
2022-07-29,0,50.1255
2022-07-29,1,48.9525
2022-07-29,2,47.3378
2022-07-29,3,48.7018
2022-07-29,4,42.908
2022-07-29,5,77.8355
2022-07-29,6,64.0754
2022-07-29,7,69.8567
2022-07-29,8,69.1585
2022-07-29,9,86.5216
2022-07-29,10,80.5557
2022-07-29,11,81.5238
2022-07-29,12,90.3406
2022-07-29,13,109.9532
2022-07-29,14,123.9956
2022-07-29,15,127.6791
2022-07-29,16,140.4524
2022-07-29,17,131.3729
2022-07-29,18,119.3942
2022-07-29,19,115.214
2022-07-29,20,106.6819
2022-07-29,21,51.9978
2022-07-29,22,47.7783
2022-07-29,23,46.7733
2022-07-30,0,43.2657
2022-07-30,1,43.3533
2022-07-30,2,42.9121
2022-07-30,3,43.1253
2022-07-30,4,31.6485
2022-07-30,5,33.871
2022-07-30,6,69.4784
2022-07-30,7,59.3072
2022-07-30,8,66.1242
2022-07-30,9,78.0816
2022-07-30,10,77.3965
2022-07-30,11,92.7009
2022-07-30,12,93.7641
2022-07-30,13,90.1841
2022-07-30,14,113.2542
2022-07-30,15,126.009
2022-07-30,16,121.5815
2022-07-30,17,118.837
2022-07-30,18,113.8273
2022-07-30,19,101.5484
2022-07-30,20,47.8135
2022-07-30,21,48.017
2022-07-30,22,48.018
2022-07-30,23,46.3284
2022-07-31,0,44.0157
2022-07-31,1,43.6583
2022-07-31,2,43.9315
2022-07-31,3,42.8864
2022-07-31,4,43.9525
2022-07-31,5,39.8728
2022-07-31,6,69.4252
2022-07-31,7,60.6782
2022-07-31,8,65.1739
2022-07-31,9,68.0042
2022-07-31,10,73.8414
2022-07-31,11,70.1174
2022-07-31,12,76.8261
2022-07-31,13,77.4324
2022-07-31,14,86.5068
2022-07-31,15,100.9972
2022-07-31,16,104.002
2022-07-31,17,99.6291
2022-07-31,18,98.2093
2022-07-31,19,92.9475
2022-07-31,20,47.6954
2022-07-31,21,48.6926
2022-07-31,22,45.1458
2022-07-31,23,46.8425
